{
  "Total" : {
    "transaction" : "Total",
    "sampleCount" : 5,
    "errorCount" : 0,
    "errorPct" : 0.0,
    "meanResTime" : 2616.6,
    "medianResTime" : 2626.0,
    "minResTime" : 2271.0,
    "maxResTime" : 3089.0,
    "pct1ResTime" : 3089.0,
    "pct2ResTime" : 3089.0,
    "pct3ResTime" : 3089.0,
    "throughput" : 0.4893804443574435,
    "receivedKBytesPerSec" : 129.84209451771557,
    "sentKBytesPerSec" : 0.05543762846236664
  },
  "MakeMyTrip Homepage" : {
    "transaction" : "MakeMyTrip Homepage",
    "sampleCount" : 5,
    "errorCount" : 0,
    "errorPct" : 0.0,
    "meanResTime" : 2616.6,
    "medianResTime" : 2626.0,
    "minResTime" : 2271.0,
    "maxResTime" : 3089.0,
    "pct1ResTime" : 3089.0,
    "pct2ResTime" : 3089.0,
    "pct3ResTime" : 3089.0,
    "throughput" : 0.4893804443574435,
    "receivedKBytesPerSec" : 129.84209451771557,
    "sentKBytesPerSec" : 0.05543762846236664
  }
}